Workbook

Sheet Resumen
B2: PLAYCONNECT
B3: Plan Scrum de desarrollo
B5: Metodologia | D5: Scrum, sprints de 2 semanas
B6: Duracion estimada MVP (Fase 1) | D6: 8 sprints (~16 semanas)
B7: Deportes de lanzamiento | D7: Futbol y Padel
B8: Hoja de historias | D8: Ver pestana 'Backlog'
B9: Hoja de sprints | D9: Ver pestana 'Sprints'
B10: Hoja de fases | D10: Ver pestana 'Roadmap por fases'
B12: Resumen de historias por prioridad
B13: Prioridad | C13: Historias | D13: Story points
B14: Alta | C14: =COUNTIF(Backlog!$D$3:$D$1000,B14) -> 19 | D14: =SUMIF(Backlog!$D$3:$D$1000,B14,Backlog!$E$3:$E$1000) -> 102
B15: Media | C15: =COUNTIF(Backlog!$D$3:$D$1000,B15) -> 10 | D15: =SUMIF(Backlog!$D$3:$D$1000,B15,Backlog!$E$3:$E$1000) -> 47
B16: Baja | C16: =COUNTIF(Backlog!$D$3:$D$1000,B16) -> 3 | D16: =SUMIF(Backlog!$D$3:$D$1000,B16,Backlog!$E$3:$E$1000) -> 13
B17: Total | C17: =SUM(C14:C16) -> 32 | D17: =SUM(D14:D16) -> 162

Sheet Backlog
A2: ID | B2: Epica | C2: Historia de usuario | D2: Prioridad | E2: Story points | F2: Sprint | G2: Estado | H2: Notas
A3: HU-01 | B3: Perfil y reputacion | C3: Como jugador quiero crear mi perfil con foto y deportes que practico para que otros me encuentren | D3: Alta | E3: 5 | F3: 1 | G3: Pendiente
A4: HU-02 | B4: Perfil y reputacion | C4: Como jugador quiero subir fotos y videos jugando para mostrar mi nivel | D4: Media | E4: 3 | F4: 1 | G4: Pendiente
A5: HU-03 | B5: Perfil y reputacion | C5: Como jugador quiero calificar a otros tras un partido para construir reputacion en la comunidad | D5: Alta | E5: 5 | F5: 2 | G5: Pendiente | H5: Criterios: nivel, puntualidad, actitud
A6: HU-04 | B6: Perfil y reputacion | C6: Como jugador quiero ver el historial de partidos jugados en mi perfil | D6: Media | E6: 3 | F6: 2 | G6: Pendiente
A7: HU-05 | B7: Matchmaking geografico | C7: Como jugador quiero activarme en linea para aparecer disponible ante otros cerca | D7: Alta | E7: 3 | F7: 1 | G7: Pendiente
A8: HU-06 | B8: Matchmaking geografico | C8: Como jugador quiero definir mi radio de busqueda para encontrar gente cerca | D8: Alta | E8: 3 | F8: 1 | G8: Pendiente
A9: HU-07 | B9: Matchmaking geografico | C9: Como jugador quiero filtrar por deporte, nivel y horario al buscar partidos | D9: Alta | E9: 5 | F9: 2 | G9: Pendiente
A10: HU-08 | B10: Matchmaking geografico | C10: Como jugador quiero recibir notificaciones cuando haya una coincidencia cerca | D10: Media | E10: 5 | F10: 3 | G10: Pendiente | H10: Requiere push notifications
A11: HU-09 | B11: Equipos | C11: Como jugador quiero crear un equipo e invitar miembros | D11: Alta | E11: 5 | F11: 2 | G11: Pendiente
A12: HU-10 | B12: Equipos | C12: Como capitan quiero publicar un anuncio de jugador faltante con posicion y nivel | D12: Alta | E12: 5 | F12: 3 | G12: Pendiente
A13: HU-11 | B13: Equipos | C13: Como jugador quiero unirme a un anuncio de equipo que necesita gente | D13: Alta | E13: 3 | F13: 3 | G13: Pendiente
A14: HU-12 | B14: Equipos | C14: Como usuario quiero ver el perfil de un equipo con su historial y calificacion | D14: Media | E14: 3 | F14: 3 | G14: Pendiente
A15: HU-13 | B15: Grupo de partido | C15: Como organizador quiero que se cree un grupo temporal cuando el numero de jugadores se completa | D15: Alta | E15: 5 | F15: 3 | G15: Pendiente | H15: Chat + evento
A16: HU-14 | B16: Grupo de partido | C16: Como jugador quiero comunicarme con el grupo confirmado antes del partido | D16: Media | E16: 5 | F16: 4 | G16: Pendiente
A17: HU-15 | B17: Canchas y reservas | C17: Como jugador quiero ver canchas cercanas disponibles en un mapa | D17: Alta | E17: 5 | F17: 3 | G17: Pendiente
A18: HU-16 | B18: Canchas y reservas | C18: Como jugador quiero ver horarios y precio de una cancha antes de reservar | D18: Alta | E18: 3 | F18: 4 | G18: Pendiente
A19: HU-17 | B19: Canchas y reservas | C19: Como jugador quiero reservar una cancha en tiempo real sin riesgo de doble reserva | D19: Alta | E19: 8 | F19: 4 | G19: Pendiente | H19: Requiere control de concurrencia
A20: HU-18 | B20: Canchas y reservas | C20: Como jugador quiero dividir el costo de la cancha entre los del grupo | D20: Media | E20: 5 | F20: 5 | G20: Pendiente
A21: HU-19 | B21: Canchas y reservas | C21: Como centro deportivo quiero gestionar horarios, precios y bloqueos de mis canchas | D21: Alta | E21: 8 | F21: 4 | G21: Pendiente | H21: Panel de centro deportivo
A22: HU-20 | B22: Suscripcion premium | C22: Como jugador quiero suscribirme a premium para crear mas equipos | D22: Media | E22: 5 | F22: 5 | G22: Pendiente
A23: HU-21 | B23: Suscripcion premium | C23: Como jugador premium quiero mayor alcance en las busquedas | D23: Baja | E23: 3 | F23: 5 | G23: Pendiente
A24: HU-22 | B24: Suscripcion premium | C24: Como jugador premium quiero ver estadisticas avanzadas de mi desempeno | D24: Baja | E24: 5 | F24: 6 | G24: Pendiente
A25: HU-23 | B25: Torneos | C25: Como centro deportivo quiero crear un torneo publico con fecha e inscripcion | D25: Alta | E25: 8 | F25: 6 | G25: Pendiente
A26: HU-24 | B26: Torneos | C26: Como equipo quiero inscribirme a un torneo publico | D26: Alta | E26: 5 | F26: 6 | G26: Pendiente
A27: HU-25 | B27: Torneos | C27: Como centro deportivo quiero generar el bracket y registrar resultados | D27: Media | E27: 8 | F27: 7 | G27: Pendiente
A28: HU-26 | B28: Torneos | C28: Como plataforma quiero cobrar una comision sobre cada inscripcion a torneo | D28: Alta | E28: 5 | F28: 7 | G28: Pendiente | H28: Requiere pasarela de pagos
A29: HU-27 | B29: Apuestas entre usuarios | C29: Como jugador quiero proponer un reto con monto a otro equipo o jugador | D29: Media | E29: 5 | F29: 8 | G29: Pendiente | H29: Bloqueado hasta validacion legal
A30: HU-28 | B30: Apuestas entre usuarios | C30: Como jugador quiero que la app registre el acuerdo del reto sin retener el dinero | D30: Media | E30: 5 | F30: 8 | G30: Pendiente | H30: Bloqueado hasta validacion legal
A31: HU-29 | B31: Apuestas entre usuarios | C31: Como plataforma quiero cobrar una comision por el servicio de gestion del reto | D31: Baja | E31: 5 | F31: 8 | G31: Pendiente | H31: Bloqueado hasta validacion legal
A32: HU-30 | B32: Fundacion tecnica | C32: Como equipo quiero definir arquitectura, backend y base de datos inicial | D32: Alta | E32: 8 | F32: 0 | G32: Pendiente | H32: Sprint 0 - setup
A33: HU-31 | B33: Fundacion tecnica | C33: Como equipo quiero integrar autenticacion y registro de usuarios | D33: Alta | E33: 5 | F33: 0 | G33: Pendiente | H33: Sprint 0 - setup
A34: HU-32 | B34: Fundacion tecnica | C34: Como equipo quiero integrar una pasarela de pagos local | D34: Alta | E34: 8 | F34: 4 | G34: Pendiente | H34: Necesaria antes de reservas y torneos

Sheet Sprints
A2: Sprint | B2: Objetivo del sprint | C2: Fase | D2: Historias asignadas | E2: Story points
A3: 0 | B3: Fundacion tecnica: arquitectura, autenticacion y setup del proyecto | C3: Fase 1 - MVP | D3: =COUNTIF(Backlog!$F$3:$F$1000,A3) -> 2 | E3: =SUMIF(Backlog!$F$3:$F$1000,A3,Backlog!$E$3:$E$1000) -> 13
A4: 1 | B4: Perfil basico y activacion / busqueda geografica de jugadores | C4: Fase 1 - MVP | D4: =COUNTIF(Backlog!$F$3:$F$1000,A4) -> 4 | E4: =SUMIF(Backlog!$F$3:$F$1000,A4,Backlog!$E$3:$E$1000) -> 14
A5: 2 | B5: Calificaciones, historial y creacion de equipos | C5: Fase 1 - MVP | D5: =COUNTIF(Backlog!$F$3:$F$1000,A5) -> 4 | E5: =SUMIF(Backlog!$F$3:$F$1000,A5,Backlog!$E$3:$E$1000) -> 18
A6: 3 | B6: Anuncios de equipo, union a partidos y grupo de partido temporal | C6: Fase 1 - MVP | D6: =COUNTIF(Backlog!$F$3:$F$1000,A6) -> 6 | E6: =SUMIF(Backlog!$F$3:$F$1000,A6,Backlog!$E$3:$E$1000) -> 26
A7: 4 | B7: Listado y reserva de canchas en tiempo real + pasarela de pagos | C7: Fase 1 - MVP | D7: =COUNTIF(Backlog!$F$3:$F$1000,A7) -> 5 | E7: =SUMIF(Backlog!$F$3:$F$1000,A7,Backlog!$E$3:$E$1000) -> 32
A8: 5 | B8: Division de costos de cancha y suscripcion premium | C8: Fase 2 | D8: =COUNTIF(Backlog!$F$3:$F$1000,A8) -> 3 | E8: =SUMIF(Backlog!$F$3:$F$1000,A8,Backlog!$E$3:$E$1000) -> 13
A9: 6 | B9: Torneos: creacion e inscripcion | C9: Fase 2 | D9: =COUNTIF(Backlog!$F$3:$F$1000,A9) -> 3 | E9: =SUMIF(Backlog!$F$3:$F$1000,A9,Backlog!$E$3:$E$1000) -> 18
A10: 7 | B10: Torneos: brackets, resultados y comision de inscripcion | C10: Fase 2 | D10: =COUNTIF(Backlog!$F$3:$F$1000,A10) -> 2 | E10: =SUMIF(Backlog!$F$3:$F$1000,A10,Backlog!$E$3:$E$1000) -> 13
A11: 8 | B11: Apuestas entre usuarios (sujeto a validacion legal previa) | C11: Fase 3 | D11: =COUNTIF(Backlog!$F$3:$F$1000,A11) -> 3 | E11: =SUMIF(Backlog!$F$3:$F$1000,A11,Backlog!$E$3:$E$1000) -> 15

Sheet Roadmap por fases
A2: Fase | B2: Modulo | C2: Sprints | D2: Nota
A3: Fase 0 - Setup | B3: Fundacion tecnica | C3: Sprint 0 | D3: Arquitectura, backend, base de datos, autenticacion
A4: Fase 1 - MVP | B4: Perfil y reputacion | C4: Sprint 1-2 | D4: Incluye calificaciones e historial
A5: Fase 1 - MVP | B5: Matchmaking geografico | C5: Sprint 1-3 | D5: Activacion en linea, busqueda, filtros
A6: Fase 1 - MVP | B6: Equipos | C6: Sprint 2-3 | D6: Creacion, anuncios, union
A7: Fase 1 - MVP | B7: Canchas y reservas | C7: Sprint 3-4 | D7: Listado, reserva en tiempo real, pagos
A8: Fase 2 | B8: Division de costos + Premium | C8: Sprint 5 | D8: Suscripcion y division de pago de cancha
A9: Fase 2 | B9: Torneos | C9: Sprint 6-7 | D9: Creacion, inscripcion, brackets, comision
A10: Fase 3 | B10: Apuestas entre usuarios | C10: Sprint 8 | D10: Bloqueado hasta validacion legal (ver PRD seccion 7)
A11: Fase 3 | B11: Nuevos deportes | C11: Por definir | D11: Basquet, tenis, voley - una vez el nucleo este validado
